EventId,DER_mass_MMC,DER_mass_transverse_met_lep,DER_mass_vis,DER_pt_h,DER_deltaeta_jet_jet,DER_mass_jet_jet,DER_prodeta_jet_jet,DER_deltar_tau_lep,DER_pt_tot,Label
100000,138.47,51.655,97.827,27.98,0.91,124.711,2.666,3.064,41.928,s
100001,160.937,68.768,103.235,48.146,-999.0,-999.0,-999.0,3.473,2.078,b
100002,-999.0,162.172,125.953,35.635,-999.0,-999.0,-999.0,3.148,9.336,b
100003,143.905,81.417,80.943,0.414,-999.0,-999.0,-999.0,3.31,0.414,b
100004,175.864,16.915,134.805,16.405,-999.0,-999.0,-999.0,3.891,16.405,b
100005,89.744,13.55,59.149,116.344,2.636,284.584,-0.54,1.362,61.619,b
100006,148.754,28.862,107.782,106.13,0.733,158.359,0.113,2.941,2.545,s
100007,154.916,10.418,94.714,29.169,-999.0,-999.0,-999.0,2.897,1.526,s
100008,105.594,50.559,100.989,4.288,-999.0,-999.0,-999.0,2.904,4.288,b
100009,128.053,88.941,69.272,193.392,-999.0,-999.0,-999.0,1.609,28.859,s
100010,-999.0,86.24,79.692,27.201,-999.0,-999.0,-999.0,2.338,27.201,b
100011,114.744,10.286,75.712,30.816,2.563,252.599,-1.401,2.888,36.745,b
100012,145.297,64.234,103.565,106.999,-999.0,-999.0,-999.0,2.183,24.66,b
100013,82.488,31.663,64.128,8.232,-999.0,-999.0,-999.0,2.823,8.232,b
100014,-999.0,109.412,14.398,17.323,-999.0,-999.0,-999.0,0.472,17.323,b
100015,111.026,32.096,75.271,23.067,-999.0,-999.0,-999.0,3.205,23.067,s
100016,114.256,4.351,67.963,47.221,-999.0,-999.0,-999.0,2.954,26.243,b
100017,127.861,50.953,77.267,26.967,-999.0,-999.0,-999.0,2.833,26.967,s
100018,-999.0,85.186,68.827,5.042,-999.0,-999.0,-999.0,2.116,5.042,b
100019,-999.0,88.767,115.058,15.337,-999.0,-999.0,-999.0,2.879,15.337,b
100020,-999.0,89.705,41.765,18.437,-999.0,-999.0,-999.0,1.395,18.437,b
100021,90.736,18.674,60.231,25.156,-999.0,-999.0,-999.0,2.363,25.156,b
100022,87.075,38.217,67.041,2.347,-999.0,-999.0,-999.0,2.852,2.347,b
100023,141.481,0.736,111.581,174.075,1.955,364.344,-0.923,1.335,6.663,s
100024,110.785,72.927,82.775,30.888,-999.0,-999.0,-999.0,3.032,30.888,b
100025,76.883,34.384,56.993,5.569,-999.0,-999.0,-999.0,2.912,5.569,b
100026,137.197,68.009,78.296,35.332,-999.0,-999.0,-999.0,2.883,0.204,s
100027,111.271,27.18,70.642,144.766,4.936,1021.322,-5.834,1.795,0.367,s
100028,118.104,2.633,77.31,91.388,-999.0,-999.0,-999.0,1.976,21.536,s
100029,98.761,14.024,74.23,132.806,3.676,315.854,-2.665,1.261,23.29,b
100030,-999.0,91.316,51.771,33.742,-999.0,-999.0,-999.0,1.309,0.876,b
100031,121.681,6.041,73.202,198.114,2.639,295.942,-1.738,1.148,31.017,s
100032,129.186,64.045,69.499,63.165,5.087,854.799,-6.159,2.745,6.58,s
100033,123.112,62.758,86.702,39.901,3.16,244.181,-2.139,2.825,9.732,b
100034,156.894,39.256,122.894,71.682,-999.0,-999.0,-999.0,2.387,29.365,b
100035,72.712,20.762,50.255,39.263,-999.0,-999.0,-999.0,2.186,21.817,b
100036,134.153,23.856,100.96,9.377,-999.0,-999.0,-999.0,2.846,9.377,s
100037,155.487,61.072,125.013,2.768,-999.0,-999.0,-999.0,2.908,2.768,s
100038,138.362,38.034,99.038,65.021,1.814,275.461,1.506,2.605,97.25,s
100039,120.506,22.729,88.889,35.999,0.218,167.175,5.17,2.465,32.706,s
100040,109.684,42.664,86.064,0.23,-999.0,-999.0,-999.0,2.745,0.23,s
100041,90.833,62.236,53.228,21.581,-999.0,-999.0,-999.0,2.629,21.581,b
100042,122.516,50.183,87.682,102.403,3.28,479.59,-2.564,1.881,0.731,s
100043,132.049,65.682,87.937,0.861,-999.0,-999.0,-999.0,2.952,0.861,b
100044,84.86,33.706,67.847,18.079,-999.0,-999.0,-999.0,2.346,18.079,b
100045,27.788,68.032,23.53,33.375,1.37,78.189,3.443,0.78,10.201,b
100046,201.473,23.002,104.041,60.49,4.437,491.375,-4.916,2.968,1.786,s
100047,130.079,53.335,97.435,1.382,-999.0,-999.0,-999.0,3.023,1.382,s
100048,167.534,41.277,123.308,9.909,-999.0,-999.0,-999.0,2.776,9.909,b
100049,95.407,21.584,67.766,1.482,-999.0,-999.0,-999.0,3.042,1.482,s
100050,219.057,72.461,124.835,5.506,-999.0,-999.0,-999.0,3.771,46.936,b
100051,104.142,37.94,69.029,50.58,3.941,411.813,-1.86,2.448,4.194,s
100052,-999.0,83.924,136.152,40.286,-999.0,-999.0,-999.0,3.111,40.286,b
100053,-999.0,98.947,85.408,1.578,-999.0,-999.0,-999.0,2.598,1.578,b
100054,219.292,74.6,177.143,2.423,-999.0,-999.0,-999.0,4.054,2.423,b
100055,51.025,50.315,46.006,1.303,-999.0,-999.0,-999.0,2.109,1.303,b
100056,-999.0,110.686,65.448,49.395,0.482,24.02,7.901,2.893,26.385,b
100057,148.523,31.911,97.497,171.074,1.209,262.61,-0.067,1.423,20.859,s
100058,104.221,13.816,71.225,27.029,-999.0,-999.0,-999.0,2.836,27.029,s
100059,73.819,83.737,60.659,43.435,1.494,162.191,-0.546,1.576,45.807,b
100060,103.646,40.918,64.244,135.726,0.68,73.056,1.649,1.524,18.535,s
100061,122.934,73.141,68.069,4.647,-999.0,-999.0,-999.0,2.992,4.647,s
100062,139.394,71.611,78.711,28.947,-999.0,-999.0,-999.0,2.945,2.399,b
100063,92.065,65.274,53.52,28.173,-999.0,-999.0,-999.0,2.738,28.173,b
100064,92.696,51.669,68.835,39.384,-999.0,-999.0,-999.0,2.513,15.701,b
100065,83.081,63.334,60.631,38.653,-999.0,-999.0,-999.0,2.077,0.91,b
100066,123.715,57.088,81.811,53.612,-999.0,-999.0,-999.0,3.043,53.612,b
100067,94.229,78.683,69.352,25.679,-999.0,-999.0,-999.0,2.507,25.679,b
100068,88.532,16.345,50.14,95.309,4.557,580.126,-3.436,1.771,34.156,b
100069,101.675,72.911,49.453,42.633,-999.0,-999.0,-999.0,2.605,42.633,b
100070,120.253,30.144,82.176,38.736,3.918,407.579,-3.457,2.551,46.301,s
100071,-999.0,70.619,81.224,23.097,-999.0,-999.0,-999.0,1.724,23.097,s
100072,96.906,71.751,74.602,39.664,-999.0,-999.0,-999.0,2.348,14.617,b
100073,92.222,16.05,64.769,3.422,-999.0,-999.0,-999.0,2.824,3.422,s
100074,-999.0,65.71,56.525,1.118,-999.0,-999.0,-999.0,2.012,1.118,b
100075,98.597,41.715,78.618,3.375,-999.0,-999.0,-999.0,2.409,3.375,s
100076,239.551,118.683,193.111,6.549,-999.0,-999.0,-999.0,2.857,6.549,b
100077,86.629,33.856,67.5,49.081,2.978,229.16,-1.67,1.951,17.799,b
100078,132.35,65.858,106.57,124.84,5.822,1558.773,-8.423,1.931,34.787,s
100079,123.29,52.954,76.946,129.157,-999.0,-999.0,-999.0,1.769,26.758,s
100080,84.608,50.05,63.451,0.658,-999.0,-999.0,-999.0,2.961,0.658,b
100081,-999.0,65.312,50.047,0.515,-999.0,-999.0,-999.0,2.13,74.884,b
100082,166.64,15.868,80.477,77.915,1.575,215.121,-0.544,2.871,28.035,s
100083,145.99,68.862,97.342,28.538,4.664,396.915,-5.149,3.088,24.909,b
100084,99.668,25.986,60.637,192.267,1.048,231.346,-0.273,1.405,37.955,b
100085,-999.0,71.692,52.779,2.705,-999.0,-999.0,-999.0,1.985,2.705,b
100086,199.9,78.686,167.085,77.236,-999.0,-999.0,-999.0,2.934,17.233,b
100087,92.079,42.327,71.28,29.118,-999.0,-999.0,-999.0,2.322,29.118,b
100088,117.247,102.167,79.738,34.164,-999.0,-999.0,-999.0,3.23,1.991,b
100089,235.976,55.918,175.744,39.662,-999.0,-999.0,-999.0,2.69,3.627,b
100090,151.45,39.326,108.268,19.727,0.726,179.399,0.873,3.387,4.789,b
100091,124.118,59.132,77.775,0.419,-999.0,-999.0,-999.0,3.112,0.419,b
100092,96.97,61.769,93.213,0.51,-999.0,-999.0,-999.0,2.782,0.51,b
100093,96.379,17.118,63.373,71.039,6.108,1204.243,-8.309,1.677,22.278,s
100094,111.356,20.265,50.19,104.878,-999.0,-999.0,-999.0,2.5,26.905,b
100095,98.181,68.298,77.216,1.17,-999.0,-999.0,-999.0,2.918,1.17,b
100096,113.75,52.067,76.262,1.25,-999.0,-999.0,-999.0,2.962,1.25,s
100097,124.575,34.558,100.197,161.051,3.243,324.597,-2.626,1.479,61.347,s
100098,77.578,72.277,58.168,153.606,2.604,370.937,-1.597,0.988,41.756,b
100099,107.35,20.354,77.755,89.044,4.449,564.836,-2.99,2.482,31.871,b
100100,90.801,27.787,65.373,55.978,-999.0,-999.0,-999.0,2.457,20.608,b
100101,95.787,24.109,63.069,49.994,0.237,146.118,3.859,2.266,54.026,s
100102,101.079,91.317,79.19,73.323,2.463,261.761,-1.358,2.6,58.155,b
100103,130.123,8.251,81.732,81.065,3.022,262.128,-2.12,2.111,51.577,s
100104,130.634,74.772,102.183,25.928,-999.0,-999.0,-999.0,2.723,25.928,b
100105,208.573,6.854,154.336,57.028,2.685,183.753,0.026,3.581,5.646,b
100106,91.616,0.245,62.842,13.974,3.655,448.409,-1.74,3.102,7.63,s
100107,109.829,3.322,65.336,52.22,2.893,211.215,3.061,3.129,1.148,s
100108,90.331,79.938,65.701,1.437,-999.0,-999.0,-999.0,2.725,1.437,b
100109,114.661,81.66,93.669,37.014,-999.0,-999.0,-999.0,2.532,0.953,b
100110,139.756,33.666,92.662,122.937,-999.0,-999.0,-999.0,1.879,5.482,s
100111,87.523,25.455,59.525,85.59,4.868,463.181,-3.399,1.739,16.239,b
100112,287.995,72.23,229.336,5.771,-999.0,-999.0,-999.0,3.269,5.771,b
100113,86.557,35.819,66.08,62.125,-999.0,-999.0,-999.0,1.965,0.11,b
100114,81.926,64.281,63.079,3.257,-999.0,-999.0,-999.0,2.615,3.257,b
100115,134.169,22.734,93.298,11.98,-999.0,-999.0,-999.0,3.466,11.98,s
100116,-999.0,101.879,67.115,27.599,-999.0,-999.0,-999.0,1.87,27.599,b
100117,230.352,85.934,164.075,2.839,-999.0,-999.0,-999.0,3.758,2.839,b
100118,118.996,2.342,72.142,91.566,0.313,281.954,0.882,2.267,101.716,s
100119,116.446,10.168,85.445,1.035,-999.0,-999.0,-999.0,3.025,1.035,s
100120,351.217,9.132,290.837,23.855,-999.0,-999.0,-999.0,3.407,23.855,b
100121,114.254,13.103,72.166,102.395,-999.0,-999.0,-999.0,2.162,44.56,s
100122,64.901,54.866,52.189,79.849,-999.0,-999.0,-999.0,1.169,10.785,b
100123,-999.0,81.748,46.618,30.565,-999.0,-999.0,-999.0,1.387,1.732,b
100124,96.998,30.697,78.583,72.32,-999.0,-999.0,-999.0,1.966,23.068,b
100125,129.803,5.799,96.706,154.97,4.023,580.409,-0.919,1.512,26.316,s
100126,209.904,64.927,125.487,36.377,-999.0,-999.0,-999.0,3.942,27.403,b
100127,97.352,11.453,60.109,133.184,-999.0,-999.0,-999.0,1.411,1.566,s
100128,96.895,34.243,60.566,88.018,0.69,61.257,2.731,1.792,2.427,b
100129,-999.0,87.842,37.796,23.581,-999.0,-999.0,-999.0,1.389,23.581,b
100130,56.601,64.116,55.783,6.38,-999.0,-999.0,-999.0,2.059,6.38,b
100131,-999.0,85.551,51.971,17.796,-999.0,-999.0,-999.0,1.963,18.889,b
100132,-999.0,69.946,110.636,29.691,-999.0,-999.0,-999.0,2.422,1.368,b
100133,113.305,36.582,77.457,32.949,-999.0,-999.0,-999.0,3.058,7.316,b
100134,-999.0,95.64,73.989,54.073,0.698,89.307,0.1,2.588,70.122,b
100135,139.191,19.102,96.308,69.348,4.761,1045.021,-5.662,2.38,15.847,s
100136,94.753,57.575,74.542,1.168,-999.0,-999.0,-999.0,2.724,1.168,b
100137,-999.0,64.479,48.897,3.7,-999.0,-999.0,-999.0,2.098,3.7,b
100138,-999.0,85.463,47.401,1.946,-999.0,-999.0,-999.0,1.406,1.946,b
100139,112.608,34.17,69.649,88.915,-999.0,-999.0,-999.0,1.821,21.597,s
100140,-999.0,64.998,58.011,1.974,-999.0,-999.0,-999.0,2.165,1.974,b
100141,122.656,74.726,72.667,3.345,-999.0,-999.0,-999.0,2.984,3.345,b
100142,155.67,70.997,132.913,50.717,-999.0,-999.0,-999.0,2.144,50.717,b
100143,71.772,48.878,60.579,2.538,-999.0,-999.0,-999.0,2.391,2.538,b
100144,133.451,46.221,62.985,99.843,0.006,31.827,0.039,2.204,25.809,b
100145,197.06,106.642,132.162,20.307,-999.0,-999.0,-999.0,3.76,20.307,b
100146,70.067,69.529,60.041,45.692,-999.0,-999.0,-999.0,1.615,2.446,b
100147,108.351,28.257,70.581,185.138,2.594,301.022,-0.971,1.149,3.462,s
100148,95.635,11.036,61.222,32.741,-999.0,-999.0,-999.0,2.919,1.266,s
100149,113.614,18.075,84.811,16.463,-999.0,-999.0,-999.0,2.918,16.463,b
100150,128.167,52.145,86.912,103.373,0.9,47.636,4.808,2.277,1.936,s
100151,81.279,29.474,56.067,35.277,-999.0,-999.0,-999.0,2.498,1.548,s
100152,92.706,90.924,70.036,6.074,-999.0,-999.0,-999.0,2.481,6.074,b
100153,84.917,40.74,58.352,2.988,-999.0,-999.0,-999.0,3.185,2.988,b
100154,282.242,47.943,224.583,153.947,5.762,1428.776,-8.201,3.207,4.245,b
100155,96.006,52.102,87.713,18.449,-999.0,-999.0,-999.0,3.237,18.449,b
100156,192.314,93.446,108.72,47.709,-999.0,-999.0,-999.0,2.813,4.891,b
100157,144.212,68.333,99.595,2.866,-999.0,-999.0,-999.0,3.128,2.866,b
100158,121.672,15.675,95.441,95.015,3.015,329.862,-2.142,1.572,33.807,s
100159,66.479,30.044,49.848,2.267,-999.0,-999.0,-999.0,2.746,2.267,s
100160,174.297,75.352,85.271,41.458,-999.0,-999.0,-999.0,3.803,1.304,b
100161,118.303,60.852,88.652,29.31,-999.0,-999.0,-999.0,2.726,4.646,b
100162,-999.0,67.535,156.705,81.155,-999.0,-999.0,-999.0,3.274,21.599,b
100163,-999.0,79.383,41.747,26.659,-999.0,-999.0,-999.0,1.398,26.659,b
100164,125.207,8.19,84.892,72.997,0.833,40.888,-0.037,2.033,33.703,b
100165,-999.0,93.147,103.261,21.442,-999.0,-999.0,-999.0,2.992,21.442,b
100166,104.449,27.09,74.349,4.329,-999.0,-999.0,-999.0,3.217,4.329,s
100167,145.804,25.979,99.359,23.894,-999.0,-999.0,-999.0,3.11,23.894,s
100168,-999.0,77.352,63.501,1.217,-999.0,-999.0,-999.0,1.918,1.217,b
100169,89.822,34.534,68.319,23.081,-999.0,-999.0,-999.0,3.397,23.081,b
100170,143.252,96.966,75.581,1.366,-999.0,-999.0,-999.0,2.998,1.366,b
100171,-999.0,68.732,110.173,3.999,-999.0,-999.0,-999.0,3.4,3.999,b
100172,-999.0,129.255,70.316,35.597,-999.0,-999.0,-999.0,2.073,32.024,b
100173,-999.0,106.01,45.032,18.537,-999.0,-999.0,-999.0,1.417,18.537,b
100174,89.656,49.626,64.117,22.802,0.191,144.187,0.137,2.665,27.845,b
100175,96.891,75.387,62.598,1.751,-999.0,-999.0,-999.0,2.682,1.751,b
100176,109.797,64.871,85.842,35.115,-999.0,-999.0,-999.0,2.89,3.356,b
100177,194.922,46.522,155.577,73.591,-999.0,-999.0,-999.0,3.225,14.253,b
100178,75.733,90.985,58.982,46.241,0.718,114.918,0.001,1.745,24.19,b
100179,106.257,52.837,79.097,27.744,-999.0,-999.0,-999.0,3.318,27.744,s
100180,260.788,85.55,216.714,29.351,-999.0,-999.0,-999.0,3.989,4.919,b
100181,-999.0,74.38,92.036,40.693,-999.0,-999.0,-999.0,1.834,3.935,b
100182,142.674,18.26,90.533,118.17,-999.0,-999.0,-999.0,2.359,4.749,s
100183,82.336,49.44,54.143,25.746,0.918,69.669,4.662,2.803,22.513,s
100184,58.939,6.869,37.801,149.66,-999.0,-999.0,-999.0,0.844,58.242,b
100185,-999.0,100.244,22.819,35.492,-999.0,-999.0,-999.0,0.635,0.975,b
100186,153.14,99.636,80.285,23.449,-999.0,-999.0,-999.0,3.055,23.449,b
100187,153.572,0.491,99.219,42.821,-999.0,-999.0,-999.0,2.544,1.261,b
100188,172.577,95.195,89.845,24.768,1.441,108.022,-0.464,2.884,3.475,b
100189,-999.0,104.869,48.886,35.141,-999.0,-999.0,-999.0,1.384,6.088,b
100190,111.688,28.402,73.031,9.849,-999.0,-999.0,-999.0,3.216,9.849,s
100191,95.177,32.628,60.916,85.032,0.019,35.411,0.336,1.927,1.154,b
100192,102.362,12.116,78.3,154.053,4.261,725.805,-3.512,1.444,71.574,b
100193,-999.0,75.248,23.191,1.677,-999.0,-999.0,-999.0,0.857,1.677,s
100194,-999.0,80.862,50.298,3.457,-999.0,-999.0,-999.0,2.033,3.457,b
100195,35.07,83.831,30.425,36.406,-999.0,-999.0,-999.0,0.922,2.856,b
100196,212.083,29.703,165.778,46.133,-999.0,-999.0,-999.0,3.545,23.436,b
100197,74.435,19.885,54.468,59.856,-999.0,-999.0,-999.0,1.832,59.856,b
100198,70.425,41.72,53.681,34.624,-999.0,-999.0,-999.0,1.737,2.926,b
100199,141.908,18.943,96.728,60.187,-999.0,-999.0,-999.0,2.829,0.641,s
100200,107.067,1.939,70.444,54.621,-999.0,-999.0,-999.0,2.079,30.366,s
100201,82.067,6.145,62.668,47.465,-999.0,-999.0,-999.0,2.988,47.465,s
100202,98.23,37.253,63.676,32.62,4.297,278.812,-2.593,2.812,20.976,b
100203,-999.0,82.09,50.228,1.608,-999.0,-999.0,-999.0,1.503,1.608,b
100204,119.663,13.864,86.638,3.154,-999.0,-999.0,-999.0,3.027,3.154,s
100205,157.096,23.206,113.793,96.564,2.675,349.038,-0.575,2.517,62.572,b
100206,170.488,21.505,83.3,70.737,0.463,246.984,-0.039,2.749,78.919,b
100207,58.916,64.559,48.685,31.404,-999.0,-999.0,-999.0,1.606,24.915,b
100208,127.266,84.327,107.259,108.411,-999.0,-999.0,-999.0,1.613,3.209,s
100209,-999.0,77.518,58.031,63.279,1.127,122.734,-0.229,1.256,27.059,b
100210,122.121,29.353,82.872,1.998,-999.0,-999.0,-999.0,2.713,1.998,s
100211,81.555,19.65,44.394,85.753,0.617,51.069,-0.07,1.758,52.831,b
100212,85.717,11.876,48.904,49.698,-999.0,-999.0,-999.0,3.128,33.288,b
100213,193.484,47.934,155.433,18.153,-999.0,-999.0,-999.0,4.007,18.153,b
100214,66.447,6.721,33.942,178.633,0.065,553.436,0.025,0.81,25.153,b
100215,82.104,1.941,51.854,90.605,-999.0,-999.0,-999.0,1.648,18.342,b
100216,163.963,109.809,86.502,17.181,-999.0,-999.0,-999.0,3.38,17.181,b
100217,177.864,89.086,105.618,3.392,-999.0,-999.0,-999.0,3.174,3.392,b
100218,-999.0,65.031,66.686,42.48,-999.0,-999.0,-999.0,2.268,0.276,b
100219,137.313,0.051,97.221,115.169,4.035,539.363,-3.332,1.735,1.478,s
100220,121.57,10.66,89.98,68.274,-999.0,-999.0,-999.0,2.341,2.503,s
100221,137.921,25.015,106.979,0.379,-999.0,-999.0,-999.0,3.243,0.379,s
100222,104.926,48.25,67.718,39.576,-999.0,-999.0,-999.0,2.834,39.576,b
100223,102.851,82.054,83.318,0.826,-999.0,-999.0,-999.0,2.645,0.826,b
100224,139.754,31.656,85.882,45.151,-999.0,-999.0,-999.0,2.944,1.936,s
100225,489.796,33.536,370.101,55.223,-999.0,-999.0,-999.0,5.133,23.116,b
100226,110.318,51.809,93.296,10.96,-999.0,-999.0,-999.0,2.621,10.96,s
100227,-999.0,71.311,43.906,30.682,-999.0,-999.0,-999.0,1.524,30.682,b
100228,105.182,60.438,93.19,7.604,-999.0,-999.0,-999.0,2.377,7.604,s
100229,139.275,80.932,93.968,10.984,-999.0,-999.0,-999.0,3.305,10.984,s
100230,94.683,92.293,60.139,38.801,-999.0,-999.0,-999.0,2.938,38.801,b
100231,85.049,42.88,61.457,1.827,-999.0,-999.0,-999.0,2.85,1.827,s
100232,84.318,21.913,39.313,234.837,0.441,47.634,1.164,0.992,46.135,b
100233,91.845,4.096,65.877,60.25,-999.0,-999.0,-999.0,1.817,26.483,b
100234,128.736,77.805,103.811,3.735,-999.0,-999.0,-999.0,2.718,3.735,b
100235,129.351,11.258,87.187,58.502,-999.0,-999.0,-999.0,2.342,6.921,s
100236,126.547,48.914,81.235,195.293,0.916,128.741,2.503,1.196,7.391,s
100237,149.823,40.714,100.301,54.815,-999.0,-999.0,-999.0,2.289,3.422,b
100238,139.899,17.434,92.993,131.66,-999.0,-999.0,-999.0,1.912,1.747,s
100239,71.683,38.573,52.369,5.423,-999.0,-999.0,-999.0,3.083,66.111,b
100240,110.481,42.055,73.886,49.852,3.66,385.784,-1.249,2.609,45.28,b
100241,62.609,58.135,51.716,6.774,-999.0,-999.0,-999.0,2.334,6.774,b
100242,55.575,60.551,46.192,28.188,-999.0,-999.0,-999.0,1.705,3.752,b
100243,88.147,76.136,67.593,130.094,2.541,455.956,-1.614,1.119,43.033,b
100244,114.648,24.385,73.694,49.635,0.647,106.225,1.149,2.638,13.41,b
100245,159.592,13.063,88.238,275.137,3.342,1056.395,-2.686,1.064,15.092,s
100246,107.392,19.776,33.155,230.029,3.483,992.085,-2.822,1.023,20.894,s
100247,106.026,49.785,66.761,80.68,-999.0,-999.0,-999.0,1.978,38.259,s
100248,102.9,3.885,69.112,90.656,0.661,115.48,8.697,2.189,33.205,s
100249,91.255,34.474,69.843,113.02,1.124,103.034,0.142,1.298,5.26,s
100250,114.803,53.183,65.016,51.02,3.384,264.003,-1.513,2.711,5.9,s
100251,109.012,49.577,72.804,18.844,-999.0,-999.0,-999.0,3.025,18.844,s
100252,104.286,33.361,81.6,4.946,-999.0,-999.0,-999.0,3.0,4.946,b
100253,118.371,75.54,97.136,22.799,-999.0,-999.0,-999.0,3.046,22.799,b
100254,-999.0,72.374,54.448,2.864,-999.0,-999.0,-999.0,1.982,2.864,b
100255,103.952,17.718,71.022,50.26,0.689,79.004,10.32,2.884,0.734,b
100256,134.409,75.664,79.937,23.339,-999.0,-999.0,-999.0,3.492,23.339,b
100257,146.186,85.26,69.326,74.072,-999.0,-999.0,-999.0,2.784,1.006,s
100258,119.445,24.758,84.089,88.389,-999.0,-999.0,-999.0,2.179,23.718,s
100259,141.574,15.544,102.032,44.874,3.723,295.681,-2.079,3.161,46.398,s
100260,196.37,47.744,139.469,49.457,-999.0,-999.0,-999.0,3.599,3.657,b
100261,90.166,5.481,63.54,1.256,-999.0,-999.0,-999.0,3.012,1.256,s
100262,129.415,53.016,86.34,39.797,-999.0,-999.0,-999.0,3.031,39.797,s
100263,148.063,67.008,115.9,34.345,2.455,193.902,-1.357,3.008,52.45,b
100264,112.619,43.113,75.069,46.983,-999.0,-999.0,-999.0,2.747,6.202,s
100265,114.759,69.795,95.566,4.597,-999.0,-999.0,-999.0,2.565,4.597,s
100266,160.303,63.5,130.661,31.728,-999.0,-999.0,-999.0,3.426,1.9,b
100267,218.194,111.502,168.771,53.271,-999.0,-999.0,-999.0,3.058,53.271,s
100268,-999.0,81.67,27.308,2.126,-999.0,-999.0,-999.0,0.937,2.126,b
100269,99.441,12.307,68.759,58.37,-999.0,-999.0,-999.0,2.824,21.089,s
100270,72.52,6.434,51.463,21.628,-999.0,-999.0,-999.0,2.792,21.628,b
100271,119.729,23.952,87.697,114.87,-999.0,-999.0,-999.0,1.736,13.257,s
100272,-999.0,158.871,100.936,3.395,-999.0,-999.0,-999.0,1.526,3.395,s
100273,103.741,17.604,59.317,86.228,-999.0,-999.0,-999.0,2.067,32.19,s
100274,63.467,33.514,34.928,104.363,3.33,388.324,-2.692,1.25,2.523,b
100275,64.723,76.914,55.091,1.777,-999.0,-999.0,-999.0,2.255,1.777,b
100276,-999.0,63.975,92.267,3.615,-999.0,-999.0,-999.0,2.819,3.615,b
100277,140.133,63.278,92.949,22.716,-999.0,-999.0,-999.0,2.903,30.909,b
100278,128.884,110.247,103.608,45.158,-999.0,-999.0,-999.0,2.444,15.659,b
100279,109.581,12.847,79.47,16.483,-999.0,-999.0,-999.0,2.969,21.683,s
100280,109.909,31.504,68.59,120.18,2.678,153.461,-1.616,1.641,43.918,s
100281,146.231,39.346,118.031,4.479,-999.0,-999.0,-999.0,3.03,4.479,b
100282,102.321,34.501,68.191,48.128,-999.0,-999.0,-999.0,3.117,8.921,b
100283,90.601,57.611,64.349,18.165,-999.0,-999.0,-999.0,3.107,24.664,b
100284,99.475,11.191,60.289,123.945,0.033,30.562,0.103,1.375,29.68,b
100285,113.008,7.989,84.479,75.256,-999.0,-999.0,-999.0,2.215,5.378,s
100286,124.75,19.515,96.646,84.298,-999.0,-999.0,-999.0,2.395,22.988,s
100287,18.614,104.884,15.073,139.622,0.885,88.122,2.916,0.267,11.362,b
100288,96.679,44.003,70.497,60.201,-999.0,-999.0,-999.0,2.463,48.372,s
100289,-999.0,76.254,51.567,29.376,-999.0,-999.0,-999.0,1.763,29.376,b
100290,102.686,74.516,83.383,23.143,-999.0,-999.0,-999.0,2.392,23.143,b
100291,80.256,75.955,65.577,12.993,-999.0,-999.0,-999.0,2.296,12.993,b
100292,-999.0,56.121,55.569,2.79,-999.0,-999.0,-999.0,2.138,2.79,b
100293,-999.0,95.014,33.263,3.094,-999.0,-999.0,-999.0,1.117,3.094,b
100294,90.925,6.6,57.152,35.935,-999.0,-999.0,-999.0,2.701,7.204,s
100295,131.087,25.25,85.624,82.271,0.334,77.456,0.151,2.151,29.478,s
100296,126.883,74.961,61.247,151.523,5.879,1325.068,-8.079,1.48,20.057,s
100297,125.646,39.399,96.666,37.617,-999.0,-999.0,-999.0,2.462,1.313,s
100298,77.415,38.665,59.549,1.056,-999.0,-999.0,-999.0,2.736,1.056,b
100299,-999.0,62.898,82.669,4.11,-999.0,-999.0,-999.0,2.78,4.11,b
100300,148.436,43.251,118.888,30.788,-999.0,-999.0,-999.0,2.917,30.788,b
100301,139.057,75.401,107.797,35.663,-999.0,-999.0,-999.0,3.085,2.753,b
100302,105.183,52.973,75.095,117.176,1.546,103.296,2.658,1.723,2.99,b
100303,162.246,34.05,108.541,49.507,-999.0,-999.0,-999.0,3.145,2.658,s
100304,83.93,15.89,53.091,46.504,0.829,92.345,-0.002,2.339,46.457,b
100305,63.293,63.185,53.405,42.552,-999.0,-999.0,-999.0,1.594,42.552,b
100306,143.269,11.788,92.865,103.292,4.098,575.965,-3.336,2.039,3.308,s
100307,106.869,17.938,55.728,120.847,-999.0,-999.0,-999.0,1.583,17.439,b
100308,125.345,4.9,81.668,74.405,-999.0,-999.0,-999.0,2.259,2.939,b
100309,116.256,63.436,74.292,4.236,-999.0,-999.0,-999.0,3.072,4.236,b
100310,121.261,66.777,69.124,31.727,-999.0,-999.0,-999.0,2.977,31.727,b
100311,87.604,28.921,49.189,139.196,1.325,175.466,-0.37,1.4,39.423,s
100312,97.65,6.325,71.418,94.997,-999.0,-999.0,-999.0,1.58,29.169,s
100313,172.079,102.105,85.467,74.203,3.602,450.124,-2.435,2.756,50.079,b
100314,264.828,2.922,154.438,90.181,0.29,86.706,2.408,3.04,7.666,b
100315,106.933,23.112,74.972,30.139,-999.0,-999.0,-999.0,2.727,8.67,b
100316,94.233,40.107,65.852,45.725,-999.0,-999.0,-999.0,2.99,2.528,s
100317,157.949,85.08,123.101,48.642,-999.0,-999.0,-999.0,3.167,15.462,b
100318,114.36,30.023,90.732,21.152,-999.0,-999.0,-999.0,2.809,21.152,s
100319,99.569,10.435,81.431,435.695,1.407,451.641,0.514,0.527,32.233,b
100320,94.85,43.048,63.079,29.63,0.039,213.357,0.356,2.781,2.258,b
100321,97.881,11.288,71.38,24.372,-999.0,-999.0,-999.0,3.09,24.372,s
100322,128.701,10.607,81.955,158.934,5.865,1270.326,-8.023,1.441,27.316,s
100323,-999.0,60.117,42.002,2.538,-999.0,-999.0,-999.0,1.707,2.538,b
100324,82.775,22.155,62.127,1.007,-999.0,-999.0,-999.0,2.972,1.007,b
100325,90.584,9.268,53.234,0.531,-999.0,-999.0,-999.0,3.093,0.531,b
100326,192.323,68.182,151.7,17.151,-999.0,-999.0,-999.0,2.708,17.151,b
100327,110.875,41.68,64.316,73.225,2.068,346.26,-1.067,2.353,40.724,b
100328,-999.0,101.979,114.931,4.647,-999.0,-999.0,-999.0,2.167,54.795,s
100329,102.043,46.441,56.165,79.045,1.43,163.757,0.228,2.27,27.002,s
100330,-999.0,83.379,40.249,33.631,-999.0,-999.0,-999.0,1.093,33.631,b
100331,-999.0,163.845,79.83,27.628,-999.0,-999.0,-999.0,2.04,27.628,b
100332,120.988,30.019,83.924,23.862,-999.0,-999.0,-999.0,2.584,23.862,s
100333,95.291,46.644,57.742,2.9,-999.0,-999.0,-999.0,3.175,2.9,b
100334,93.548,9.499,68.26,27.538,-999.0,-999.0,-999.0,2.697,27.538,b
100335,96.578,13.216,68.505,1.728,-999.0,-999.0,-999.0,3.031,1.728,s
100336,109.223,103.0,74.376,23.642,-999.0,-999.0,-999.0,2.946,23.642,b
100337,235.051,73.745,116.246,60.977,-999.0,-999.0,-999.0,3.922,0.224,b
100338,82.6,28.334,61.884,2.066,-999.0,-999.0,-999.0,2.899,2.066,b
100339,101.892,4.491,74.266,210.224,1.895,341.207,-0.04,1.047,105.592,s
100340,130.516,9.963,61.25,201.549,-999.0,-999.0,-999.0,1.283,1.759,s
100341,172.846,12.308,122.116,0.686,-999.0,-999.0,-999.0,3.022,0.686,s
100342,81.9,65.285,62.872,14.895,1.321,116.742,0.487,1.96,27.253,b
100343,94.939,48.136,78.86,1.773,-999.0,-999.0,-999.0,3.009,1.773,b
100344,111.358,16.334,69.389,45.549,-999.0,-999.0,-999.0,2.475,45.549,b
100345,136.16,50.932,93.738,0.971,-999.0,-999.0,-999.0,3.228,0.971,s
100346,-999.0,65.461,77.352,0.547,-999.0,-999.0,-999.0,2.552,0.547,b
100347,104.64,71.441,72.174,0.077,-999.0,-999.0,-999.0,2.73,0.077,s
100348,103.295,41.007,84.784,26.987,-999.0,-999.0,-999.0,2.412,26.987,b
100349,67.425,44.316,53.599,0.838,-999.0,-999.0,-999.0,2.633,0.838,b
100350,-999.0,86.317,73.988,0.555,-999.0,-999.0,-999.0,2.532,0.555,b
100351,173.952,40.818,123.2,8.81,4.641,431.14,-5.381,3.385,36.152,b
100352,73.045,48.005,43.578,144.614,3.425,346.612,-1.545,1.053,51.592,b
100353,92.503,25.976,65.617,32.744,-999.0,-999.0,-999.0,2.408,24.902,b
100354,171.503,13.451,98.65,66.896,-999.0,-999.0,-999.0,2.563,7.693,s
100355,-999.0,88.716,86.763,35.713,-999.0,-999.0,-999.0,2.343,35.091,b
100356,271.049,108.273,198.046,28.46,-999.0,-999.0,-999.0,3.739,28.46,b
100357,101.209,17.212,78.806,59.027,-999.0,-999.0,-999.0,2.032,1.291,b
100358,-999.0,83.245,33.679,0.757,-999.0,-999.0,-999.0,1.127,0.757,b
100359,123.084,58.017,76.298,30.579,-999.0,-999.0,-999.0,2.853,12.161,s
100360,-999.0,75.635,13.026,79.225,-999.0,-999.0,-999.0,0.474,30.122,b
100361,118.548,63.69,83.201,1.605,-999.0,-999.0,-999.0,3.341,1.605,b
100362,75.359,57.392,61.056,11.612,-999.0,-999.0,-999.0,2.06,11.612,b
100363,55.982,75.055,50.531,24.225,-999.0,-999.0,-999.0,2.062,25.711,b
100364,109.678,5.667,58.808,92.588,-999.0,-999.0,-999.0,2.416,27.883,s
100365,149.794,0.221,104.967,71.236,-999.0,-999.0,-999.0,2.164,35.655,s
100366,94.814,12.303,64.346,68.485,-999.0,-999.0,-999.0,2.453,2.483,s
100367,191.758,4.363,127.846,97.149,2.392,278.465,-0.512,2.44,24.424,b
100368,92.945,12.796,69.182,128.607,3.805,842.146,-3.078,1.273,33.609,b
100369,66.287,10.627,50.341,65.676,-999.0,-999.0,-999.0,1.566,65.676,s
100370,81.861,44.626,52.69,24.399,-999.0,-999.0,-999.0,2.483,24.399,b
100371,106.699,20.778,78.834,21.736,-999.0,-999.0,-999.0,2.498,21.736,s
100372,133.594,66.06,101.26,13.499,0.313,104.836,5.894,2.607,9.843,b
100373,130.417,81.957,77.468,12.876,-999.0,-999.0,-999.0,3.188,12.876,b
100374,88.21,22.962,62.544,36.649,-999.0,-999.0,-999.0,2.535,36.512,b
100375,120.644,31.335,85.816,259.549,-999.0,-999.0,-999.0,0.908,48.202,s
100376,133.178,34.816,83.263,20.445,-999.0,-999.0,-999.0,2.304,20.445,s
100377,125.75,9.241,65.106,88.021,0.465,89.542,-0.046,1.974,23.957,s
100378,116.742,9.809,81.766,118.019,-999.0,-999.0,-999.0,1.799,28.246,s
100379,-999.0,66.961,57.687,1.615,-999.0,-999.0,-999.0,2.109,1.615,b
100380,231.308,62.544,177.329,1.547,-999.0,-999.0,-999.0,3.964,1.547,b
100381,165.328,63.613,96.864,23.427,-999.0,-999.0,-999.0,3.628,23.427,s
100382,-999.0,95.245,62.337,34.372,-999.0,-999.0,-999.0,2.059,40.094,b
100383,70.582,12.478,43.687,77.321,4.77,589.691,-5.524,1.546,39.166,b
100384,221.849,89.682,188.908,34.451,-999.0,-999.0,-999.0,3.148,9.825,b
100385,91.675,51.258,65.767,7.537,2.56,132.116,1.098,3.101,4.627,b
100386,138.817,52.853,105.093,50.353,-999.0,-999.0,-999.0,2.975,29.54,b
100387,97.289,20.061,63.15,56.342,0.346,188.257,0.42,2.279,4.134,b
100388,86.801,8.065,60.626,21.851,-999.0,-999.0,-999.0,2.894,21.851,b
100389,-999.0,74.707,51.065,1.122,-999.0,-999.0,-999.0,1.864,1.122,b
100390,96.872,49.051,66.334,12.276,-999.0,-999.0,-999.0,2.81,12.276,b
100391,203.306,61.966,172.312,1.446,-999.0,-999.0,-999.0,4.2,1.446,b
100392,99.658,56.075,62.262,25.888,-999.0,-999.0,-999.0,3.292,25.888,b
100393,85.798,25.145,56.916,8.677,-999.0,-999.0,-999.0,3.084,8.677,s
100394,-999.0,102.487,131.878,3.508,-999.0,-999.0,-999.0,2.441,3.508,b
100395,148.631,20.497,103.881,64.576,-999.0,-999.0,-999.0,2.623,24.5,s
100396,346.264,7.368,249.148,54.98,-999.0,-999.0,-999.0,4.372,4.052,b
100397,-999.0,78.504,81.141,2.338,-999.0,-999.0,-999.0,2.163,2.338,b
100398,133.035,48.038,90.608,76.188,3.705,356.622,-2.872,2.298,10.095,s
100399,102.732,22.504,67.988,56.704,5.483,970.242,-7.119,2.212,0.779,s
100400,133.388,7.57,88.306,35.453,-999.0,-999.0,-999.0,3.015,0.618,s
100401,146.12,33.683,115.238,2.801,-999.0,-999.0,-999.0,3.394,2.801,b
100402,131.282,32.027,99.026,24.279,-999.0,-999.0,-999.0,3.005,24.279,b
100403,121.578,53.811,93.085,22.285,-999.0,-999.0,-999.0,3.91,22.285,b
100404,-999.0,81.021,24.592,3.292,-999.0,-999.0,-999.0,0.837,3.292,b
100405,83.636,78.599,54.993,31.757,-999.0,-999.0,-999.0,2.89,31.757,b
100406,88.05,36.54,65.368,67.852,1.532,95.661,-0.525,2.049,37.931,b
100407,130.914,97.142,115.017,41.74,-999.0,-999.0,-999.0,2.505,1.838,b
100408,106.103,33.23,74.357,61.847,-999.0,-999.0,-999.0,2.176,7.536,s
100409,-999.0,64.436,57.533,21.103,-999.0,-999.0,-999.0,1.743,21.103,b
100410,127.085,39.387,92.034,2.061,-999.0,-999.0,-999.0,3.147,2.061,s
100411,105.975,46.191,78.445,22.517,-999.0,-999.0,-999.0,2.957,22.517,b
100412,78.38,37.234,57.787,14.533,-999.0,-999.0,-999.0,2.463,14.533,b
100413,134.066,24.363,107.423,318.463,0.325,231.45,-0.012,0.807,66.995,s
100414,123.448,2.079,46.031,470.862,-999.0,-999.0,-999.0,0.532,19.0,s
100415,57.574,66.871,44.694,31.082,-999.0,-999.0,-999.0,1.868,31.082,b
100416,66.179,51.398,55.408,0.907,-999.0,-999.0,-999.0,2.338,0.907,b
100417,52.871,36.805,42.564,17.382,-999.0,-999.0,-999.0,1.979,17.382,b
100418,118.852,54.296,72.793,35.185,-999.0,-999.0,-999.0,3.257,20.213,s
100419,135.244,63.894,97.088,86.587,-999.0,-999.0,-999.0,2.113,25.827,s
100420,118.486,17.884,83.066,57.327,-999.0,-999.0,-999.0,2.046,4.406,s
100421,123.411,76.28,80.629,99.035,-999.0,-999.0,-999.0,1.794,22.594,s
100422,123.479,46.409,84.669,246.724,2.27,466.064,-1.147,1.34,20.705,s
100423,90.031,41.927,41.931,378.767,2.799,858.454,-1.458,0.507,110.841,b
100424,74.996,47.691,65.012,1.616,-999.0,-999.0,-999.0,2.447,1.616,b
100425,-999.0,84.919,37.369,161.266,-999.0,-999.0,-999.0,0.932,10.744,b
100426,127.452,43.625,96.352,2.502,-999.0,-999.0,-999.0,3.126,2.502,s
100427,88.524,46.364,63.252,81.163,-999.0,-999.0,-999.0,2.018,19.58,b
100428,122.372,34.119,51.59,116.989,2.806,416.397,-1.72,2.749,16.738,b
100429,78.025,16.874,36.462,208.097,1.953,526.065,-0.859,1.062,27.765,b
100430,82.877,25.264,62.621,37.06,-999.0,-999.0,-999.0,2.322,29.661,b
100431,124.682,1.135,79.44,43.331,-999.0,-999.0,-999.0,2.571,6.619,b
100432,100.643,43.056,69.983,81.883,2.011,116.322,-0.868,1.918,2.013,b
100433,119.332,87.152,72.076,3.014,-999.0,-999.0,-999.0,2.743,3.014,b
100434,-999.0,93.254,47.951,1.366,-999.0,-999.0,-999.0,1.523,44.029,b
100435,77.395,15.849,56.075,3.576,-999.0,-999.0,-999.0,3.027,3.576,b
100436,141.351,12.893,95.854,60.682,-999.0,-999.0,-999.0,2.452,2.707,s
100437,93.955,11.253,61.995,53.466,4.803,1132.752,-5.099,2.363,36.724,s
100438,236.325,66.47,194.587,16.125,-999.0,-999.0,-999.0,4.112,16.125,b
100439,80.3,33.429,59.616,4.08,-999.0,-999.0,-999.0,2.888,4.08,b
100440,468.597,34.151,323.777,51.71,-999.0,-999.0,-999.0,4.459,23.415,b
100441,-999.0,55.585,123.788,190.04,1.609,189.897,-0.581,3.627,35.557,b
100442,151.131,6.088,96.986,19.619,-999.0,-999.0,-999.0,3.069,26.776,s
100443,125.819,3.187,65.327,62.919,0.899,108.836,-0.088,2.556,31.911,s
100444,90.71,54.876,87.336,4.608,-999.0,-999.0,-999.0,2.719,4.608,b
100445,26.564,1.014,18.13,96.48,-999.0,-999.0,-999.0,0.478,0.278,b
100446,47.951,57.861,43.12,24.229,-999.0,-999.0,-999.0,1.451,24.229,b
100447,-999.0,131.295,62.487,39.784,2.209,223.241,1.194,1.556,126.204,b
100448,77.531,41.724,65.97,1.66,-999.0,-999.0,-999.0,2.765,1.66,b
100449,122.04,91.734,87.515,2.394,-999.0,-999.0,-999.0,2.985,2.394,b
100450,94.282,0.23,59.14,38.572,2.893,289.378,-2.069,2.638,0.409,b
100451,85.269,43.747,65.919,8.56,-999.0,-999.0,-999.0,2.824,8.56,b
100452,53.039,65.003,47.202,29.23,-999.0,-999.0,-999.0,1.59,29.23,b
100453,78.632,54.236,65.709,0.097,-999.0,-999.0,-999.0,2.528,0.097,b
100454,79.97,53.911,61.709,26.337,-999.0,-999.0,-999.0,2.885,26.337,b
100455,269.844,75.933,202.335,220.255,-999.0,-999.0,-999.0,2.457,20.24,s
100456,127.099,76.733,86.154,2.397,-999.0,-999.0,-999.0,2.803,2.397,b
100457,109.054,30.237,75.851,14.102,0.157,125.005,0.143,3.4,41.451,b
100458,80.352,26.939,44.743,63.653,-999.0,-999.0,-999.0,2.071,19.745,b
100459,102.205,74.86,51.841,67.358,-999.0,-999.0,-999.0,2.324,1.475,b
100460,122.341,35.077,94.097,40.978,-999.0,-999.0,-999.0,2.813,5.324,b
100461,77.28,33.15,43.825,88.507,-999.0,-999.0,-999.0,1.731,23.293,b
100462,129.824,7.611,59.337,530.303,1.956,365.265,-0.343,0.874,65.116,s
100463,115.762,105.593,69.584,14.325,4.638,381.16,-1.441,2.57,18.187,b
100464,109.401,43.995,68.045,57.415,-999.0,-999.0,-999.0,2.924,57.415,s
100465,98.879,2.993,56.247,112.519,3.911,327.733,-2.98,1.414,41.695,b
100466,-999.0,54.018,56.478,0.161,-999.0,-999.0,-999.0,2.366,0.161,b
100467,100.391,64.311,64.798,4.927,-999.0,-999.0,-999.0,2.876,4.927,b
100468,104.323,0.201,71.976,98.95,5.641,781.763,-7.533,1.624,1.916,s
100469,83.395,3.562,30.336,360.941,0.387,77.56,4.074,0.477,89.149,b
100470,164.731,36.945,118.364,0.448,-999.0,-999.0,-999.0,3.106,0.448,b
100471,126.064,57.824,80.321,2.553,-999.0,-999.0,-999.0,3.113,2.553,s
100472,116.693,13.511,72.433,45.93,-999.0,-999.0,-999.0,2.654,0.768,s
100473,91.209,19.619,66.723,32.95,-999.0,-999.0,-999.0,2.842,22.592,s
100474,91.049,13.225,59.579,42.626,-999.0,-999.0,-999.0,2.248,0.399,s
100475,89.091,18.724,48.779,84.062,0.098,120.451,6.755,2.043,66.488,b
100476,97.66,87.553,87.837,12.334,-999.0,-999.0,-999.0,2.645,12.334,b
100477,82.967,9.988,48.201,229.35,1.986,207.437,-0.875,0.779,22.144,b
100478,122.792,18.128,73.582,101.746,-999.0,-999.0,-999.0,2.867,3.976,s
100479,84.481,33.832,64.917,109.892,0.394,59.749,2.847,1.184,30.36,b
100480,358.767,165.686,235.025,139.143,-999.0,-999.0,-999.0,3.485,5.142,b
100481,115.671,21.078,82.26,35.79,-999.0,-999.0,-999.0,3.038,35.79,s
100482,115.704,13.165,78.014,68.57,1.958,120.769,-0.887,2.162,29.77,s
100483,118.477,41.405,86.997,42.149,-999.0,-999.0,-999.0,2.417,4.55,b
100484,123.131,45.893,88.912,38.077,-999.0,-999.0,-999.0,3.562,21.978,b
100485,173.696,86.898,145.969,74.676,-999.0,-999.0,-999.0,3.21,0.905,b
100486,-999.0,117.655,38.647,29.36,2.886,185.628,-0.859,0.983,3.625,b
100487,118.05,61.435,87.979,23.073,-999.0,-999.0,-999.0,3.091,23.073,b
100488,98.863,56.101,76.489,2.85,-999.0,-999.0,-999.0,2.664,2.85,b
100489,152.979,27.618,102.256,108.281,2.579,249.61,-1.426,2.196,3.089,s
100490,-999.0,71.131,71.305,2.151,-999.0,-999.0,-999.0,2.432,2.151,b
100491,76.789,37.824,59.34,0.998,-999.0,-999.0,-999.0,2.824,0.998,b
100492,143.092,87.3,104.911,22.36,-999.0,-999.0,-999.0,2.892,22.36,b
100493,128.613,72.11,80.537,1.306,-999.0,-999.0,-999.0,3.012,1.306,b
100494,-999.0,90.557,66.33,79.015,1.397,81.084,0.638,2.693,6.417,b
100495,154.513,16.939,94.13,61.315,-999.0,-999.0,-999.0,3.073,1.609,s
100496,87.387,3.056,57.771,21.171,-999.0,-999.0,-999.0,2.657,21.171,b
100497,125.772,8.932,91.623,67.414,-999.0,-999.0,-999.0,2.73,2.709,s
100498,-999.0,63.46,105.701,189.3,-999.0,-999.0,-999.0,2.522,53.998,s
